start_time,end_time,frequency,pitch
2.58,2.6,195.99771799087463,55.0
2.6,2.66,193.18773764106294,54.75
2.66,2.76,195.99771799087463,55.0
2.76,2.78,198.84857044604223,55.24999999999999
2.78,2.8,201.74088950502767,55.5
2.8,2.82,204.67527831347223,55.75
2.82,2.84,210.6727217536862,56.25
2.84,2.86,213.7370270537933,56.5
2.86,2.92,220.0,57.0
2.92,3.04,223.19997368625522,57.25
3.04,3.06,226.44649206156825,57.49999999999999
3.06,3.08,223.19997368625522,57.25
3.08,3.1,220.0,57.0
3.1,3.16,216.84590370084126,56.74999999999999
3.16,3.34,220.0,57.0
3.34,3.36,223.19997368625522,57.25
3.36,3.38,226.44649206156825,57.49999999999999
3.38,3.4,236.4721347825532,58.24999999999999
3.4,3.42,243.40129723554335,58.75
3.42,3.44,250.53349964647214,59.249999999999986
3.52,3.54,220.0,57.0
3.54,3.56,187.68805775749541,54.25
3.56,3.58,172.11070782485513,52.75
3.58,3.7,167.21105006640263,52.24999999999999
3.7,3.74,164.81377845643496,52.0
3.74,3.76,162.45087605334493,51.75
3.76,3.78,157.82621495421003,51.25
3.78,3.8,153.33320897938992,50.74999999999999
3.8,3.82,148.96811016305818,50.249999999999986
3.82,3.86,146.8323839587038,49.99999999999999
3.86,3.92,148.96811016305818,50.249999999999986
3.92,3.94,146.8323839587038,49.99999999999999
3.94,3.98,144.7272772367001,49.75
3.98,4.0,146.8323839587038,49.99999999999999
4.0,4.02,148.96811016305818,50.249999999999986
4.02,4.04,174.61411571650194,52.99999999999999
4.04,4.06,187.68805775749541,54.25
4.06,4.08,193.18773764106294,54.75
4.08,4.1,195.99771799087463,55.0
4.1,4.14,198.84857044604223,55.24999999999999
4.24,4.38,195.99771799087463,55.0
4.38,4.5,198.84857044604223,55.24999999999999
4.5,4.54,201.74088950502767,55.5
4.54,4.56,198.84857044604223,55.24999999999999
4.56,4.58,195.99771799087463,55.0
4.58,4.6,193.18773764106294,54.75
4.6,4.62,195.99771799087463,55.0
4.62,4.64,201.74088950502767,55.5
4.64,4.68,207.65234878997256,55.99999999999999
4.68,4.74,204.67527831347223,55.75
4.74,4.8,207.65234878997256,55.99999999999999
4.8,4.82,198.84857044604223,55.24999999999999
4.82,4.86,190.41804342135148,54.49999999999999
4.86,4.88,198.84857044604223,55.24999999999999
4.88,4.9,204.67527831347223,55.75
4.9,4.92,207.65234878997256,55.99999999999999
4.92,4.96,204.67527831347223,55.75
4.96,5.0,201.74088950502767,55.5
5.0,5.12,198.84857044604223,55.24999999999999
5.36,5.38,236.4721347825532,58.24999999999999
5.38,5.4,229.74023213403103,57.75
5.4,5.44,223.19997368625522,57.25
5.44,5.5,220.0,57.0
6.36,6.38,164.81377845643496,52.0
6.38,6.4,167.21105006640263,52.24999999999999
6.4,6.48,172.11070782485513,52.75
6.48,6.52,174.61411571650194,52.99999999999999
6.52,6.54,179.73069985652097,53.5
6.54,6.56,182.3449430844896,53.74999999999999
6.56,6.58,187.68805775749541,54.25
6.58,6.6,195.99771799087463,55.0
6.6,6.62,198.84857044604223,55.24999999999999
6.62,6.68,201.74088950502767,55.5
6.68,6.72,204.67527831347223,55.75
6.72,6.76,201.74088950502767,55.5
6.76,6.78,193.18773764106294,54.75
6.78,6.8,187.68805775749541,54.25
6.82,7.04,195.99771799087463,55.0
7.04,7.1,198.84857044604223,55.24999999999999
7.1,7.12,195.99771799087463,55.0
7.12,7.14,193.18773764106294,54.75
7.14,7.22,190.41804342135148,54.49999999999999
7.22,7.24,195.99771799087463,55.0
7.36,7.4,138.59131548843604,49.0
7.4,7.48,134.6458897635121,48.49999999999999
7.54,7.6,127.08879665595002,47.5
7.6,7.68,125.26674982323607,47.249999999999986
7.68,7.7,123.47082531403103,46.99999999999999
7.7,7.74,121.70064861777165,46.75
7.74,7.8,119.95585059317834,46.5
7.8,7.82,121.70064861777165,46.75
7.82,7.84,123.47082531403103,46.99999999999999
7.84,7.88,125.26674982323607,47.249999999999986
7.88,7.98,127.08879665595002,47.5
8.08,8.12,128.93734577011767,47.74999999999999
8.12,8.14,127.08879665595002,47.5
8.22,8.24,128.93734577011767,47.74999999999999
8.24,8.28,127.08879665595002,47.5
8.28,8.32,125.26674982323607,47.249999999999986
8.32,8.36,123.47082531403103,46.99999999999999
8.36,8.42,121.70064861777165,46.75
8.42,8.44,119.95585059317834,46.5
8.44,8.46,118.2360673912766,46.24999999999999
8.46,8.48,116.54094037952248,46.0
8.48,8.5,113.22324603078413,45.49999999999999
8.5,8.54,111.59998684312758,45.25
8.54,8.56,110.0,45.0
8.56,8.68,108.42295185042062,44.74999999999999
8.68,8.7,110.0,45.0
8.7,8.76,111.59998684312758,45.25
8.76,8.78,114.87011606701552,45.75
10.08,10.1,198.84857044604223,55.24999999999999
10.1,10.26,195.99771799087463,55.0
10.26,10.3,198.84857044604223,55.24999999999999
10.3,10.32,201.74088950502767,55.5
10.32,10.34,207.65234878997256,55.99999999999999
10.34,10.36,213.7370270537933,56.5
10.36,10.38,216.84590370084126,56.74999999999999
10.38,10.58,220.0,57.0
10.58,10.62,223.19997368625522,57.25
10.62,10.82,220.0,57.0
10.82,10.84,223.19997368625522,57.25
10.84,10.86,226.44649206156825,57.49999999999999
10.86,10.88,233.08188075904496,58.0
10.88,10.9,236.4721347825532,58.24999999999999
11.04,11.08,167.21105006640263,52.24999999999999
11.08,11.1,157.82621495421003,51.25
11.1,11.12,153.33320897938992,50.74999999999999
11.12,11.14,144.7272772367001,49.75
11.14,11.16,140.60717259164736,49.24999999999999
11.26,11.28,155.56349186104046,51.0
11.28,11.3,153.33320897938992,50.74999999999999
11.3,11.34,148.96811016305818,50.249999999999986
11.34,11.4,146.8323839587038,49.99999999999999
11.4,11.44,144.7272772367001,49.75
11.44,11.48,146.8323839587038,49.99999999999999
11.48,11.5,148.96811016305818,50.249999999999986
11.5,11.54,195.99771799087463,55.0
11.54,11.6,198.84857044604223,55.24999999999999
11.7,11.72,204.67527831347223,55.75
11.72,11.76,198.84857044604223,55.24999999999999
11.76,11.8,195.99771799087463,55.0
11.8,11.88,193.18773764106294,54.75
11.88,12.0,195.99771799087463,55.0
12.0,12.1,198.84857044604223,55.24999999999999
12.1,12.14,201.74088950502767,55.5
12.14,12.16,198.84857044604223,55.24999999999999
12.16,12.18,193.18773764106294,54.75
12.18,12.2,190.41804342135148,54.49999999999999
12.2,12.22,193.18773764106294,54.75
12.22,12.26,198.84857044604223,55.24999999999999
12.26,12.28,195.99771799087463,55.0
12.28,12.32,193.18773764106294,54.75
12.32,12.34,195.99771799087463,55.0
12.34,12.36,198.84857044604223,55.24999999999999
12.36,12.38,204.67527831347223,55.75
12.38,12.4,210.6727217536862,56.25
12.54,12.62,198.84857044604223,55.24999999999999
12.62,12.64,201.74088950502767,55.5
12.64,12.66,198.84857044604223,55.24999999999999
12.7,12.82,198.84857044604223,55.24999999999999
12.9,12.92,223.19997368625522,57.25
12.92,12.96,220.0,57.0
13.84,13.96,182.3449430844896,53.74999999999999
13.96,14.02,184.9972113558172,54.0
14.02,14.06,187.68805775749541,54.25
14.06,14.12,201.74088950502767,55.5
14.12,14.14,198.84857044604223,55.24999999999999
14.14,14.16,195.99771799087463,55.0
14.16,14.18,193.18773764106294,54.75
14.18,14.2,187.68805775749541,54.25
14.2,14.22,177.15393651441798,53.25
14.32,14.4,198.84857044604223,55.24999999999999
14.4,14.42,195.99771799087463,55.0
14.42,14.48,193.18773764106294,54.75
14.48,14.52,195.99771799087463,55.0
14.52,14.54,198.84857044604223,55.24999999999999
14.54,14.56,201.74088950502767,55.5
14.56,14.58,210.6727217536862,56.25
14.58,14.6,223.19997368625522,57.25
14.66,14.68,254.17759331190004,59.5
14.68,14.7,250.53349964647214,59.249999999999986
14.7,14.72,233.08188075904496,58.0
14.72,14.74,223.19997368625522,57.25
14.74,14.76,195.99771799087463,55.0
15.02,15.04,128.93734577011767,47.74999999999999
15.04,15.06,127.08879665595002,47.5
15.06,15.34,125.26674982323607,47.249999999999986
15.34,15.46,127.08879665595002,47.5
15.52,15.54,134.6458897635121,48.49999999999999
15.62,15.66,125.26674982323607,47.249999999999986
16.18,16.22,223.19997368625522,57.25
16.22,16.34,220.0,57.0
16.34,16.38,223.19997368625522,57.25
16.38,16.42,236.4721347825532,58.24999999999999
16.42,16.5,246.94165062806206,58.99999999999999
16.5,16.52,250.53349964647214,59.249999999999986
16.52,16.56,254.17759331190004,59.5
16.56,16.58,250.53349964647214,59.249999999999986
16.58,16.6,243.40129723554335,58.75
16.6,16.62,239.91170118635668,58.5
16.62,16.66,236.4721347825532,58.24999999999999
16.66,16.68,250.53349964647214,59.249999999999986
16.68,16.86,257.8746915402353,59.74999999999999
16.86,16.96,261.6255653005986,60.0
16.96,17.0,257.8746915402353,59.74999999999999
17.0,17.18,261.6255653005986,60.0
17.18,17.2,265.4309967761148,60.249999999999986
17.2,17.26,261.6255653005986,60.0
17.26,17.32,265.4309967761148,60.249999999999986
17.32,17.34,261.6255653005986,60.0
17.34,17.36,257.8746915402353,59.74999999999999
17.36,17.38,254.17759331190004,59.5
17.38,17.52,250.53349964647214,59.249999999999986
17.52,17.56,246.94165062806206,58.99999999999999
17.56,17.58,243.40129723554335,58.75
17.58,17.66,220.0,57.0
17.66,17.7,223.19997368625522,57.25
17.7,17.74,220.0,57.0
17.74,17.8,216.84590370084126,56.74999999999999
17.8,17.88,220.0,57.0
17.88,17.92,216.84590370084126,56.74999999999999
17.92,18.02,223.19997368625522,57.25
18.02,18.04,229.74023213403103,57.75
18.04,18.06,236.4721347825532,58.24999999999999
18.06,18.08,243.40129723554335,58.75
18.08,18.1,246.94165062806206,58.99999999999999
18.1,18.12,254.17759331190004,59.5
18.12,18.18,257.8746915402353,59.74999999999999
18.18,18.2,254.17759331190004,59.5
18.2,18.22,243.40129723554335,58.75
18.22,18.24,229.74023213403103,57.75
18.34,18.38,265.4309967761148,60.249999999999986
18.5,18.52,250.53349964647214,59.249999999999986
18.52,18.56,254.17759331190004,59.5
18.56,18.6,257.8746915402353,59.74999999999999
18.6,18.72,261.6255653005986,60.0
18.72,18.74,281.2143451832947,61.24999999999999
18.74,18.76,285.30470202322215,61.5
18.76,18.78,289.45455447340026,61.749999999999986
18.78,18.8,293.6647679174076,61.99999999999999
18.8,18.9,297.93622032611637,62.25
18.9,18.92,293.6647679174076,61.99999999999999
18.92,18.96,289.45455447340026,61.749999999999986
18.96,18.98,285.30470202322215,61.5
18.98,19.0,277.1826309768721,60.999999999999986
19.0,19.02,261.6255653005986,60.0
19.02,19.04,257.8746915402353,59.74999999999999
19.04,19.14,261.6255653005986,60.0
19.14,19.16,257.8746915402353,59.74999999999999
19.16,19.2,254.17759331190004,59.5
19.44,19.48,250.53349964647214,59.249999999999986
19.48,19.58,246.94165062806206,58.99999999999999
19.58,19.66,250.53349964647214,59.249999999999986
19.66,19.68,246.94165062806206,58.99999999999999
19.68,19.7,236.4721347825532,58.24999999999999
19.7,19.74,226.44649206156825,57.49999999999999
19.74,19.78,223.19997368625522,57.25
19.88,19.9,250.53349964647214,59.249999999999986
19.9,19.94,236.4721347825532,58.24999999999999
19.94,19.96,229.74023213403103,57.75
19.96,19.98,226.44649206156825,57.49999999999999
19.98,20.02,223.19997368625522,57.25
20.02,20.16,220.0,57.0
20.16,20.18,207.65234878997256,55.99999999999999
20.2,20.22,213.7370270537933,56.5
20.22,20.26,216.84590370084126,56.74999999999999
20.26,20.34,220.0,57.0
20.34,20.36,210.6727217536862,56.25
20.42,20.44,223.19997368625522,57.25
20.44,20.48,220.0,57.0
20.48,20.52,216.84590370084126,56.74999999999999
20.52,20.54,220.0,57.0
20.54,20.56,223.19997368625522,57.25
20.56,20.62,229.74023213403103,57.75
20.62,20.66,306.66641795877985,62.74999999999999
20.66,20.68,311.1269837220809,63.0
20.68,20.7,315.65242990842006,63.25000000000001
20.7,20.78,320.24370022528126,63.49999999999999
20.78,20.82,324.90175210668986,63.75
20.82,20.84,329.6275569128699,63.999999999999986
20.84,20.92,334.42210013280527,64.25
20.92,20.96,329.6275569128699,63.999999999999986
20.96,21.02,334.42210013280527,64.25
21.02,21.04,329.6275569128699,63.999999999999986
21.04,21.06,324.90175210668986,63.75
21.06,21.08,315.65242990842006,63.25000000000001
21.08,21.1,297.93622032611637,62.25
21.12,21.14,289.45455447340026,61.749999999999986
21.14,21.16,293.6647679174076,61.99999999999999
21.16,21.2,297.93622032611637,62.25
21.2,21.28,293.6647679174076,61.99999999999999
21.28,21.3,297.93622032611637,62.25
21.3,21.32,315.65242990842006,63.25000000000001
21.32,21.34,334.42210013280527,64.25
21.34,21.36,359.46139971304194,65.49999999999999
21.36,21.38,369.9944227116344,66.0
21.38,21.4,380.83608684270297,66.5
21.4,21.44,386.3754752821259,66.75
21.44,21.48,391.99543598174927,66.99999999999999
21.48,21.52,386.3754752821259,66.75
21.52,21.66,391.99543598174927,66.99999999999999
21.66,21.8,397.69714089208446,67.25
21.8,21.88,403.48177901005533,67.5
21.88,21.9,397.69714089208446,67.25
21.9,21.98,391.99543598174927,66.99999999999999
22.08,22.1,265.4309967761148,60.249999999999986
22.1,22.24,261.6255653005986,60.0
22.24,22.28,257.8746915402353,59.74999999999999
22.28,22.3,254.17759331190004,59.5
22.3,22.32,250.53349964647214,59.249999999999986
22.32,22.38,246.94165062806206,58.99999999999999
22.38,22.42,250.53349964647214,59.249999999999986
22.42,22.46,246.94165062806206,58.99999999999999
22.46,22.54,243.40129723554335,58.75
22.54,22.6,246.94165062806206,58.99999999999999
22.6,22.66,243.40129723554335,58.75
22.66,22.68,246.94165062806206,58.99999999999999
22.68,22.7,250.53349964647214,59.249999999999986
22.7,22.72,254.17759331190004,59.5
22.72,22.76,257.8746915402353,59.74999999999999
22.76,22.78,254.17759331190004,59.5
22.78,22.84,250.53349964647214,59.249999999999986
22.84,22.86,269.2917795270241,60.49999999999999
22.86,22.88,265.4309967761148,60.249999999999986
22.88,22.9,257.8746915402353,59.74999999999999
22.9,22.92,250.53349964647214,59.249999999999986
22.92,22.94,246.94165062806206,58.99999999999999
22.94,22.96,250.53349964647214,59.249999999999986
23.68,23.72,246.94165062806206,58.99999999999999
23.72,23.74,250.53349964647214,59.249999999999986
23.74,23.76,254.17759331190004,59.5
23.76,23.78,257.8746915402353,59.74999999999999
23.78,23.8,261.6255653005986,60.0
23.8,23.86,265.4309967761148,60.249999999999986
23.86,23.88,261.6255653005986,60.0
23.88,23.9,254.17759331190004,59.5
23.9,23.92,250.53349964647214,59.249999999999986
23.92,23.96,254.17759331190004,59.5
23.96,24.02,250.53349964647214,59.249999999999986
24.02,24.12,246.94165062806206,58.99999999999999
24.12,24.14,250.53349964647214,59.249999999999986
24.14,24.16,254.17759331190004,59.5
24.16,24.18,257.8746915402353,59.74999999999999
24.18,24.24,261.6255653005986,60.0
24.24,24.26,257.8746915402353,59.74999999999999
24.26,24.28,261.6255653005986,60.0
24.28,24.3,265.4309967761148,60.249999999999986
24.3,24.36,273.20871865616647,60.75
24.4,24.42,254.17759331190004,59.5
24.42,24.44,250.53349964647214,59.249999999999986
24.44,24.5,246.94165062806206,58.99999999999999
24.5,24.6,250.53349964647214,59.249999999999986
24.6,24.62,246.94165062806206,58.99999999999999
24.62,24.64,233.08188075904496,58.0
24.64,24.66,226.44649206156825,57.49999999999999
24.66,24.68,216.84590370084126,56.74999999999999
24.68,24.7,193.18773764106294,54.75
24.7,24.72,160.12185011264063,51.49999999999999
24.72,24.74,157.82621495421003,51.25
24.74,24.78,160.12185011264063,51.49999999999999
24.78,24.8,169.64319079487348,52.499999999999986
24.8,24.82,172.11070782485513,52.75
24.82,24.84,179.73069985652097,53.5
24.84,24.86,182.3449430844896,53.74999999999999
24.86,24.88,177.15393651441798,53.25
24.88,24.9,169.64319079487348,52.499999999999986
24.9,25.08,167.21105006640263,52.24999999999999
25.08,25.2,164.81377845643496,52.0
25.2,25.28,167.21105006640263,52.24999999999999
25.28,25.3,162.45087605334493,51.75
25.3,25.48,164.81377845643496,52.0
25.48,25.54,160.12185011264063,51.49999999999999
25.56,25.62,157.82621495421003,51.25
25.62,25.66,155.56349186104046,51.0
25.78,25.8,187.68805775749541,54.25
25.8,25.82,184.9972113558172,54.0
25.82,25.9,182.3449430844896,53.74999999999999
25.9,25.98,179.73069985652097,53.5
25.98,26.0,182.3449430844896,53.74999999999999
26.0,26.02,187.68805775749541,54.25
26.02,26.06,190.41804342135148,54.49999999999999
26.06,26.16,193.18773764106294,54.75
26.16,26.24,195.99771799087463,55.0
26.24,26.38,198.84857044604223,55.24999999999999
26.38,26.4,201.74088950502767,55.5
26.4,26.44,198.84857044604223,55.24999999999999
26.44,26.48,195.99771799087463,55.0
26.48,26.5,193.18773764106294,54.75
26.5,26.52,195.99771799087463,55.0
26.52,26.56,198.84857044604223,55.24999999999999
26.56,26.58,204.67527831347223,55.75
26.58,26.6,201.74088950502767,55.5
26.6,26.62,198.84857044604223,55.24999999999999
26.62,26.66,195.99771799087463,55.0
26.66,26.68,198.84857044604223,55.24999999999999
26.68,26.74,204.67527831347223,55.75
26.74,26.76,195.99771799087463,55.0
26.76,26.8,193.18773764106294,54.75
26.82,26.84,204.67527831347223,55.75
26.84,26.86,198.84857044604223,55.24999999999999
26.86,26.88,187.68805775749541,54.25
26.88,26.9,190.41804342135148,54.49999999999999
26.9,26.92,193.18773764106294,54.75
26.92,26.94,198.84857044604223,55.24999999999999
26.94,26.98,204.67527831347223,55.75
26.98,27.0,198.84857044604223,55.24999999999999
27.0,27.1,195.99771799087463,55.0
27.1,27.12,190.41804342135148,54.49999999999999
27.12,27.18,187.68805775749541,54.25
27.18,27.2,177.15393651441798,53.25
27.4,27.42,164.81377845643496,52.0
27.42,27.44,167.21105006640263,52.24999999999999
27.44,27.46,169.64319079487348,52.499999999999986
27.46,27.54,174.61411571650194,52.99999999999999
27.54,27.62,177.15393651441798,53.25
27.62,27.64,174.61411571650194,52.99999999999999
27.64,27.66,169.64319079487348,52.499999999999986
27.66,27.68,164.81377845643496,52.0
27.68,27.72,162.45087605334493,51.75
27.72,27.74,167.21105006640263,52.24999999999999
27.74,27.78,169.64319079487348,52.499999999999986
27.78,27.8,167.21105006640263,52.24999999999999
27.8,27.82,162.45087605334493,51.75
27.88,27.92,162.45087605334493,51.75
27.92,28.02,167.21105006640263,52.24999999999999
28.02,28.1,164.81377845643496,52.0
28.1,28.16,167.21105006640263,52.24999999999999
28.16,28.28,164.81377845643496,52.0
28.28,28.36,167.21105006640263,52.24999999999999
28.36,28.4,162.45087605334493,51.75
28.4,28.46,160.12185011264063,51.49999999999999
28.46,28.5,162.45087605334493,51.75
28.5,28.54,164.81377845643496,52.0
28.54,28.62,167.21105006640263,52.24999999999999
28.62,28.78,164.81377845643496,52.0
28.78,28.8,162.45087605334493,51.75
28.8,28.82,160.12185011264063,51.49999999999999
28.82,28.84,157.82621495421003,51.25
28.84,28.86,144.7272772367001,49.75
28.86,28.9,142.65235101161107,49.5
28.9,28.92,146.8323839587038,49.99999999999999
28.92,28.94,148.96811016305818,50.249999999999986
28.94,28.96,151.1349012203898,50.5
28.96,29.02,153.33320897938992,50.74999999999999
29.02,29.04,151.1349012203898,50.5
29.04,29.1,148.96811016305818,50.249999999999986
30.72,30.74,184.9972113558172,54.0
30.74,30.76,187.68805775749541,54.25
30.76,30.78,190.41804342135148,54.49999999999999
30.78,30.8,195.99771799087463,55.0
30.8,30.86,198.84857044604223,55.24999999999999
30.86,30.92,195.99771799087463,55.0
30.92,30.94,198.84857044604223,55.24999999999999
30.94,30.96,204.67527831347223,55.75
30.96,30.98,213.7370270537933,56.5
30.98,31.0,216.84590370084126,56.74999999999999
31.0,31.06,220.0,57.0
31.06,31.1,216.84590370084126,56.74999999999999
31.1,31.12,220.0,57.0
31.12,31.16,226.44649206156825,57.49999999999999
31.16,31.18,223.19997368625522,57.25
31.18,31.22,216.84590370084126,56.74999999999999
31.22,31.24,220.0,57.0
31.24,31.28,223.19997368625522,57.25
31.28,31.34,220.0,57.0
31.34,31.36,223.19997368625522,57.25
31.36,31.4,220.0,57.0
31.4,31.42,216.84590370084126,56.74999999999999
31.42,31.6,220.0,57.0
31.6,31.66,223.19997368625522,57.25
31.66,31.68,220.0,57.0
31.68,31.78,216.84590370084126,56.74999999999999
31.78,31.8,220.0,57.0
31.8,31.82,223.19997368625522,57.25
31.82,31.84,229.74023213403103,57.75
31.84,31.9,236.4721347825532,58.24999999999999
31.9,31.92,226.44649206156825,57.49999999999999
34.02,34.06,293.6647679174076,61.99999999999999
34.06,34.12,289.45455447340026,61.749999999999986
34.12,34.22,293.6647679174076,61.99999999999999
34.22,34.26,297.93622032611637,62.25
34.26,34.32,302.2698024407796,62.499999999999986
34.32,34.34,281.2143451832947,61.24999999999999
34.5,34.52,397.69714089208446,67.25
34.52,34.76,391.99543598174927,66.99999999999999
34.76,34.82,386.3754752821259,66.75
34.82,34.9,380.83608684270297,66.5
34.9,34.92,369.9944227116344,66.0
34.92,34.96,364.6898861689792,65.75
34.96,34.98,354.30787302883596,65.25
34.98,35.0,344.2214156497103,64.74999999999999
35.0,35.02,324.90175210668986,63.75
35.02,35.06,302.2698024407796,62.499999999999986
35.06,35.12,297.93622032611637,62.25
35.12,35.14,293.6647679174076,61.99999999999999
35.14,35.16,289.45455447340026,61.749999999999986
35.16,35.18,285.30470202322215,61.5
35.18,35.2,250.53349964647214,59.249999999999986
35.2,35.22,246.94165062806206,58.99999999999999
35.22,35.24,243.40129723554335,58.75
35.24,35.3,246.94165062806206,58.99999999999999
35.3,35.34,250.53349964647214,59.249999999999986
35.34,35.4,246.94165062806206,58.99999999999999
35.4,35.42,250.53349964647214,59.249999999999986
35.42,35.44,254.17759331190004,59.5
35.44,35.46,257.8746915402353,59.74999999999999
35.46,35.48,261.6255653005986,60.0
35.48,35.54,265.4309967761148,60.249999999999986
35.54,35.62,261.6255653005986,60.0
35.62,35.66,265.4309967761148,60.249999999999986
35.66,35.7,261.6255653005986,60.0
35.7,35.78,257.8746915402353,59.74999999999999
35.78,35.8,261.6255653005986,60.0
35.8,35.84,265.4309967761148,60.249999999999986
35.84,35.86,257.8746915402353,59.74999999999999
35.86,35.88,254.17759331190004,59.5
35.88,35.9,250.53349964647214,59.249999999999986
35.9,35.92,265.4309967761148,60.249999999999986
35.92,35.94,281.2143451832947,61.24999999999999
35.94,35.96,265.4309967761148,60.249999999999986
35.96,35.98,257.8746915402353,59.74999999999999
35.98,36.0,250.53349964647214,59.249999999999986
36.3,36.36,349.2282314330039,65.0
36.36,36.4,344.2214156497103,64.74999999999999
36.4,36.48,349.2282314330039,65.0
36.48,36.5,354.30787302883596,65.25
36.5,36.52,359.46139971304194,65.49999999999999
36.52,36.54,375.37611551499083,66.24999999999999
36.54,36.56,386.3754752821259,66.75
36.56,36.76,391.99543598174927,66.99999999999999
36.76,36.78,386.3754752821259,66.75
36.78,36.8,375.37611551499083,66.24999999999999
36.8,36.82,369.9944227116344,66.0
36.82,36.84,359.46139971304194,65.49999999999999
36.84,36.86,349.2282314330039,65.0
36.86,36.88,334.42210013280527,64.25
36.88,36.9,320.24370022528126,63.49999999999999
36.9,36.92,315.65242990842006,63.25000000000001
37.0,37.02,257.8746915402353,59.74999999999999
37.02,37.04,254.17759331190004,59.5
37.04,37.08,250.53349964647214,59.249999999999986
37.08,37.14,246.94165062806206,58.99999999999999
37.14,37.2,250.53349964647214,59.249999999999986
37.2,37.24,246.94165062806206,58.99999999999999
37.24,37.26,243.40129723554335,58.75
37.26,37.28,239.91170118635668,58.5
37.28,37.3,229.74023213403103,57.75
37.3,37.42,220.0,57.0
37.42,37.46,223.19997368625522,57.25
37.46,37.48,226.44649206156825,57.49999999999999
37.48,37.5,223.19997368625522,57.25
37.5,37.52,220.0,57.0
37.52,37.56,213.7370270537933,56.5
37.56,37.58,220.0,57.0
37.58,37.6,223.19997368625522,57.25
37.6,37.62,226.44649206156825,57.49999999999999
37.62,37.68,229.74023213403103,57.75
37.68,37.72,243.40129723554335,58.75
37.9,37.94,223.19997368625522,57.25
37.94,38.0,250.53349964647214,59.249999999999986
38.0,38.18,243.40129723554335,58.75
38.18,38.2,246.94165062806206,58.99999999999999
38.4,38.44,269.2917795270241,60.49999999999999
38.44,38.48,265.4309967761148,60.249999999999986
38.48,38.52,261.6255653005986,60.0
38.52,38.56,257.8746915402353,59.74999999999999
38.56,38.68,261.6255653005986,60.0
38.68,38.7,289.45455447340026,61.749999999999986
38.7,38.82,297.93622032611637,62.25
38.82,38.88,302.2698024407796,62.499999999999986
38.88,38.9,306.66641795877985,62.74999999999999
38.9,38.92,320.24370022528126,63.49999999999999
38.92,38.94,324.90175210668986,63.75
38.94,38.96,329.6275569128699,63.999999999999986
38.96,39.0,334.42210013280527,64.25
39.0,39.04,339.28638158974695,64.5
39.04,39.06,324.90175210668986,63.75
39.16,39.18,257.8746915402353,59.74999999999999
39.18,39.26,297.93622032611637,62.25
39.26,39.32,293.6647679174076,61.99999999999999
39.32,39.36,297.93622032611637,62.25
39.36,39.4,302.2698024407796,62.499999999999986
39.4,39.44,306.66641795877985,62.74999999999999
39.44,39.56,302.2698024407796,62.499999999999986
39.56,39.74,306.66641795877985,62.74999999999999
39.74,39.78,329.6275569128699,63.999999999999986
39.78,39.84,334.42210013280527,64.25
39.84,39.86,329.6275569128699,63.999999999999986
39.86,39.92,324.90175210668986,63.75
39.92,39.94,329.6275569128699,63.999999999999986
39.94,40.02,334.42210013280527,64.25
40.02,40.06,329.6275569128699,63.999999999999986
40.06,40.08,334.42210013280527,64.25
40.08,40.26,339.28638158974695,64.5
40.26,40.32,334.42210013280527,64.25
40.32,40.38,339.28638158974695,64.5
40.38,40.46,334.42210013280527,64.25
40.52,40.56,334.42210013280527,64.25
40.56,40.62,354.30787302883596,65.25
40.62,40.7,349.2282314330039,65.0
40.7,40.72,354.30787302883596,65.25
40.72,40.76,349.2282314330039,65.0
40.76,40.78,344.2214156497103,64.74999999999999
40.78,40.8,339.28638158974695,64.5
40.8,40.86,334.42210013280527,64.25
40.86,40.9,329.6275569128699,63.999999999999986
40.9,40.92,324.90175210668986,63.75
41.02,41.1,302.2698024407796,62.499999999999986
41.1,41.16,297.93622032611637,62.25
41.16,41.42,293.6647679174076,61.99999999999999
41.42,41.44,289.45455447340026,61.749999999999986
41.44,41.52,293.6647679174076,61.99999999999999
41.52,41.56,289.45455447340026,61.749999999999986
41.56,41.58,293.6647679174076,61.99999999999999
41.58,41.62,297.93622032611637,62.25
41.62,41.64,293.6647679174076,61.99999999999999
41.64,41.68,285.30470202322215,61.5
41.68,41.7,289.45455447340026,61.749999999999986
41.7,41.76,302.2698024407796,62.499999999999986
41.76,41.78,293.6647679174076,61.99999999999999
41.78,41.8,289.45455447340026,61.749999999999986
41.8,41.82,285.30470202322215,61.5
41.82,41.84,273.20871865616647,60.75
41.94,42.04,354.30787302883596,65.25
42.04,42.14,349.2282314330039,65.0
42.14,42.16,354.30787302883596,65.25
42.16,42.18,364.6898861689792,65.75
42.18,42.2,380.83608684270297,66.5
42.2,42.22,391.99543598174927,66.99999999999999
42.22,42.28,397.69714089208446,67.25
42.28,42.32,403.48177901005533,67.5
42.32,42.36,397.69714089208446,67.25
42.36,42.4,391.99543598174927,66.99999999999999
42.4,42.42,380.83608684270297,66.5
42.42,42.44,369.9944227116344,66.0
42.44,42.46,364.6898861689792,65.75
42.46,42.48,359.46139971304194,65.49999999999999
42.48,42.5,349.2282314330039,65.0
42.5,42.52,339.28638158974695,64.5
42.52,42.54,324.90175210668986,63.75
42.54,42.56,297.93622032611637,62.25
42.56,42.6,289.45455447340026,61.749999999999986
42.66,42.68,243.40129723554335,58.75
42.68,42.7,239.91170118635668,58.5
42.7,42.74,243.40129723554335,58.75
42.74,42.82,246.94165062806206,58.99999999999999
42.82,42.88,250.53349964647214,59.249999999999986
42.88,42.9,254.17759331190004,59.5
42.9,42.94,257.8746915402353,59.74999999999999
42.94,43.08,261.6255653005986,60.0
43.08,43.12,265.4309967761148,60.249999999999986
43.12,43.14,269.2917795270241,60.49999999999999
43.14,43.18,265.4309967761148,60.249999999999986
43.18,43.24,257.8746915402353,59.74999999999999
43.24,43.26,261.6255653005986,60.0
43.26,43.3,269.2917795270241,60.49999999999999
43.3,43.36,265.4309967761148,60.249999999999986
43.36,43.4,285.30470202322215,61.5
43.4,43.42,289.45455447340026,61.749999999999986
43.42,43.44,261.6255653005986,60.0
43.44,43.48,257.8746915402353,59.74999999999999
43.48,43.5,261.6255653005986,60.0
43.5,43.64,257.8746915402353,59.74999999999999
43.84,43.94,364.6898861689792,65.75
43.94,43.96,359.46139971304194,65.49999999999999
43.96,44.02,354.30787302883596,65.25
44.02,44.04,364.6898861689792,65.75
44.04,44.06,375.37611551499083,66.24999999999999
44.06,44.08,386.3754752821259,66.75
44.08,44.16,397.69714089208446,67.25
44.16,44.24,391.99543598174927,66.99999999999999
44.24,44.26,386.3754752821259,66.75
44.26,44.28,380.83608684270297,66.5
44.28,44.3,369.9944227116344,66.0
44.3,44.32,344.2214156497103,64.74999999999999
44.32,44.34,339.28638158974695,64.5
44.34,44.38,334.42210013280527,64.25
44.38,44.5,324.90175210668986,63.75
44.5,44.52,320.24370022528126,63.49999999999999
44.52,44.54,315.65242990842006,63.25000000000001
44.54,44.56,302.2698024407796,62.499999999999986
44.56,44.58,246.94165062806206,58.99999999999999
44.58,44.6,243.40129723554335,58.75
44.74,44.76,277.1826309768721,60.999999999999986
44.76,44.78,273.20871865616647,60.75
44.78,44.8,269.2917795270241,60.49999999999999
44.8,44.82,265.4309967761148,60.249999999999986
44.82,44.84,261.6255653005986,60.0
44.84,45.02,257.8746915402353,59.74999999999999
45.02,45.08,261.6255653005986,60.0
45.08,45.1,257.8746915402353,59.74999999999999
45.1,45.12,254.17759331190004,59.5
45.12,45.14,250.53349964647214,59.249999999999986
45.14,45.22,246.94165062806206,58.99999999999999
45.22,45.24,236.4721347825532,58.24999999999999
45.24,45.26,213.7370270537933,56.5
45.26,45.28,210.6727217536862,56.25
45.28,45.3,213.7370270537933,56.5
45.3,45.32,223.19997368625522,57.25
45.32,45.4,226.44649206156825,57.49999999999999
46.08,46.14,236.4721347825532,58.24999999999999
46.14,46.16,233.08188075904496,58.0
46.16,46.18,229.74023213403103,57.75
46.18,46.22,223.19997368625522,57.25
46.22,46.24,220.0,57.0
46.24,46.34,223.19997368625522,57.25
46.34,46.38,220.0,57.0
46.38,46.4,213.7370270537933,56.5
46.4,46.42,204.67527831347223,55.75
46.46,46.54,198.84857044604223,55.24999999999999
46.6,46.62,195.99771799087463,55.0
46.64,46.66,198.84857044604223,55.24999999999999
46.66,46.84,409.3505566269445,67.75
46.84,46.86,415.3046975799451,68.0
46.86,46.88,421.3454435073724,68.25
46.88,46.9,427.4740541075866,68.5
46.9,46.92,433.6918074016825,68.75
46.92,46.96,440.0,69.0
46.96,47.18,446.39994737251044,69.25
47.18,47.2,440.0,69.0
47.2,47.22,421.3454435073724,68.25
47.34,47.36,421.3454435073724,68.25
47.36,47.38,446.39994737251044,69.25
47.38,47.42,440.0,69.0
47.42,47.44,433.6918074016825,68.75
47.44,47.46,440.0,69.0
47.46,47.52,446.39994737251044,69.25
47.52,47.54,433.6918074016825,68.75
47.54,47.56,427.4740541075866,68.5
47.56,47.58,440.0,69.0
47.58,47.6,472.9442695651064,70.25
47.6,47.62,486.8025944710867,70.75
47.62,47.64,493.8833012561241,71.0
47.64,48.04,501.0669992929443,71.25
48.04,48.08,515.7493830804707,71.75
48.08,48.1,523.2511306011972,72.0
48.1,48.12,530.8619935522296,72.24999999999999
48.12,48.28,523.2511306011972,72.0
48.28,48.34,530.8619935522296,72.24999999999999
48.34,48.44,523.2511306011972,72.0
48.44,48.46,530.8619935522296,72.24999999999999
48.46,48.48,523.2511306011972,72.0
48.48,48.52,515.7493830804707,71.75
48.52,48.54,501.0669992929443,71.25
48.54,48.56,479.82340237271336,70.5
48.56,48.58,433.6918074016825,68.75
48.58,48.6,409.3505566269445,67.75
48.6,48.62,380.83608684270297,66.5
48.62,48.64,375.37611551499083,66.24999999999999
48.64,48.66,320.24370022528126,63.49999999999999
48.66,48.68,315.65242990842006,63.25000000000001
48.76,48.86,324.90175210668986,63.75
48.86,48.88,320.24370022528126,63.49999999999999
48.88,48.96,324.90175210668986,63.75
48.96,49.0,297.93622032611637,62.25
49.0,49.08,329.6275569128699,63.999999999999986
49.08,49.18,324.90175210668986,63.75
49.18,49.2,329.6275569128699,63.999999999999986
49.2,49.26,339.28638158974695,64.5
49.26,49.36,334.42210013280527,64.25
49.36,49.38,329.6275569128699,63.999999999999986
49.38,49.4,320.24370022528126,63.49999999999999
49.4,49.42,306.66641795877985,62.74999999999999
49.42,49.52,297.93622032611637,62.25
49.52,49.54,293.6647679174076,61.99999999999999
49.54,49.58,289.45455447340026,61.749999999999986
49.66,49.68,315.65242990842006,63.25000000000001
49.68,49.7,306.66641795877985,62.74999999999999
49.7,49.72,302.2698024407796,62.499999999999986
49.72,49.76,297.93622032611637,62.25
49.76,49.86,293.6647679174076,61.99999999999999
49.86,49.9,297.93622032611637,62.25
49.9,49.92,293.6647679174076,61.99999999999999
49.92,49.96,289.45455447340026,61.749999999999986
49.96,50.02,293.6647679174076,61.99999999999999
50.02,50.04,289.45455447340026,61.749999999999986
50.16,50.18,306.66641795877985,62.74999999999999
50.18,50.22,297.93622032611637,62.25
50.22,50.24,293.6647679174076,61.99999999999999
50.24,50.32,297.93622032611637,62.25
50.32,50.38,293.6647679174076,61.99999999999999
50.38,50.42,289.45455447340026,61.749999999999986
50.42,50.5,293.6647679174076,61.99999999999999
50.64,50.68,289.45455447340026,61.749999999999986
50.68,50.82,293.6647679174076,61.99999999999999
50.82,50.86,289.45455447340026,61.749999999999986
50.86,50.88,285.30470202322215,61.5
50.88,50.9,261.6255653005986,60.0
50.9,50.94,257.8746915402353,59.74999999999999
50.94,51.02,261.6255653005986,60.0
51.02,51.04,265.4309967761148,60.249999999999986
51.04,51.06,269.2917795270241,60.49999999999999
51.06,51.08,324.90175210668986,63.75
51.08,51.1,334.42210013280527,64.25
51.1,51.12,349.2282314330039,65.0
51.12,51.16,364.6898861689792,65.75
51.16,51.3,369.9944227116344,66.0
51.3,51.32,375.37611551499083,66.24999999999999
51.32,51.4,380.83608684270297,66.5
51.4,51.42,386.3754752821259,66.75
51.42,52.02,391.99543598174927,66.99999999999999
52.02,52.04,380.83608684270297,66.5
52.04,52.06,364.6898861689792,65.75
52.06,52.08,359.46139971304194,65.49999999999999
52.08,52.18,354.30787302883596,65.25
52.18,52.26,349.2282314330039,65.0
52.26,52.28,344.2214156497103,64.74999999999999
52.28,52.3,334.42210013280527,64.25
52.3,52.32,329.6275569128699,63.999999999999986
52.32,52.42,324.90175210668986,63.75
52.42,52.52,329.6275569128699,63.999999999999986
52.52,52.54,324.90175210668986,63.75
52.54,52.58,329.6275569128699,63.999999999999986
52.58,52.6,334.42210013280527,64.25
52.6,52.64,329.6275569128699,63.999999999999986
52.64,52.66,320.24370022528126,63.49999999999999
52.66,52.7,315.65242990842006,63.25000000000001
52.7,52.84,334.42210013280527,64.25
52.84,52.86,329.6275569128699,63.999999999999986
52.86,52.88,315.65242990842006,63.25000000000001
52.98,53.0,324.90175210668986,63.75
53.0,53.02,315.65242990842006,63.25000000000001
53.02,53.04,306.66641795877985,62.74999999999999
53.2,53.24,198.84857044604223,55.24999999999999
53.24,53.26,195.99771799087463,55.0
53.26,53.3,193.18773764106294,54.75
53.3,53.32,195.99771799087463,55.0
53.32,53.36,198.84857044604223,55.24999999999999
53.36,53.4,201.74088950502767,55.5
53.4,53.42,204.67527831347223,55.75
53.42,53.44,213.7370270537933,56.5
53.44,53.46,220.0,57.0
53.46,53.5,223.19997368625522,57.25
53.5,53.52,220.0,57.0
53.52,53.56,216.84590370084126,56.74999999999999
53.56,53.58,220.0,57.0
53.58,53.62,226.44649206156825,57.49999999999999
53.62,53.64,223.19997368625522,57.25
53.64,53.74,220.0,57.0
53.74,53.78,216.84590370084126,56.74999999999999
53.78,53.9,220.0,57.0
53.9,53.92,223.19997368625522,57.25
53.92,54.14,220.0,57.0
54.14,54.18,223.19997368625522,57.25
54.18,54.22,220.0,57.0
54.22,54.24,223.19997368625522,57.25
54.24,54.26,220.0,57.0
54.32,54.34,302.2698024407796,62.499999999999986
54.34,54.5,289.45455447340026,61.749999999999986
54.5,54.6,293.6647679174076,61.99999999999999
54.6,54.62,297.93622032611637,62.25
54.62,54.64,302.2698024407796,62.499999999999986
54.64,54.66,315.65242990842006,63.25000000000001
54.66,54.68,320.24370022528126,63.49999999999999
54.68,54.7,329.6275569128699,63.999999999999986
54.7,54.74,334.42210013280527,64.25
54.74,54.82,329.6275569128699,63.999999999999986
54.82,54.98,334.42210013280527,64.25
54.98,55.02,329.6275569128699,63.999999999999986
55.02,55.04,320.24370022528126,63.49999999999999
55.04,55.06,306.66641795877985,62.74999999999999
55.06,55.08,293.6647679174076,61.99999999999999
55.08,55.12,289.45455447340026,61.749999999999986
55.12,55.14,297.93622032611637,62.25
55.14,55.16,306.66641795877985,62.74999999999999
55.16,55.18,315.65242990842006,63.25000000000001
55.18,55.2,324.90175210668986,63.75
55.2,55.24,334.42210013280527,64.25
55.24,55.26,324.90175210668986,63.75
55.26,55.28,297.93622032611637,62.25
55.28,55.34,289.45455447340026,61.749999999999986
55.34,55.36,293.6647679174076,61.99999999999999
55.36,55.42,289.45455447340026,61.749999999999986
55.42,55.46,293.6647679174076,61.99999999999999
55.46,55.54,302.2698024407796,62.499999999999986
55.54,55.56,297.93622032611637,62.25
55.56,55.58,306.66641795877985,62.74999999999999
55.58,55.6,311.1269837220809,63.0
55.6,55.62,306.66641795877985,62.74999999999999
55.62,55.68,281.2143451832947,61.24999999999999
55.68,55.7,297.93622032611637,62.25
55.7,55.74,306.66641795877985,62.74999999999999
55.74,55.76,297.93622032611637,62.25
56.48,56.54,210.6727217536862,56.25
56.54,56.56,213.7370270537933,56.5
56.56,56.58,216.84590370084126,56.74999999999999
56.58,56.68,220.0,57.0
56.68,56.7,210.6727217536862,56.25
56.72,56.78,213.7370270537933,56.5
56.78,56.82,220.0,57.0
56.82,56.84,210.6727217536862,56.25
56.92,56.94,250.53349964647214,59.249999999999986
56.94,56.96,243.40129723554335,58.75
56.96,57.02,223.19997368625522,57.25
57.02,57.14,220.0,57.0
57.14,57.16,216.84590370084126,56.74999999999999
57.16,57.18,220.0,57.0
57.18,57.2,223.19997368625522,57.25
57.2,57.22,233.08188075904496,58.0
57.22,57.24,243.40129723554335,58.75
57.24,57.36,250.53349964647214,59.249999999999986
57.36,57.4,246.94165062806206,58.99999999999999
57.4,57.42,243.40129723554335,58.75
57.42,57.44,239.91170118635668,58.5
57.44,57.46,236.4721347825532,58.24999999999999
57.46,57.48,229.74023213403103,57.75
57.48,57.5,223.19997368625522,57.25
57.5,57.56,220.0,57.0
57.56,57.58,223.19997368625522,57.25
57.58,57.6,220.0,57.0
57.7,57.72,236.4721347825532,58.24999999999999
57.72,57.74,226.44649206156825,57.49999999999999
57.74,57.9,220.0,57.0
57.9,57.92,216.84590370084126,56.74999999999999
57.92,57.98,213.7370270537933,56.5
57.98,58.06,216.84590370084126,56.74999999999999
58.06,58.1,220.0,57.0
58.16,58.24,223.19997368625522,57.25
58.24,58.26,226.44649206156825,57.49999999999999
58.26,58.28,229.74023213403103,57.75
58.28,58.3,226.44649206156825,57.49999999999999
58.3,58.36,223.19997368625522,57.25
58.36,58.4,226.44649206156825,57.49999999999999
58.4,58.44,223.19997368625522,57.25
58.44,58.48,220.0,57.0
58.48,58.52,223.19997368625522,57.25
60.98,61.04,236.4721347825532,58.24999999999999
61.04,61.08,239.91170118635668,58.5
61.08,61.26,243.40129723554335,58.75
61.26,61.3,236.4721347825532,58.24999999999999
61.44,61.5,261.6255653005986,60.0
61.5,61.52,257.8746915402353,59.74999999999999
61.52,61.58,261.6255653005986,60.0
61.58,61.66,257.8746915402353,59.74999999999999
61.66,61.8,261.6255653005986,60.0
61.8,61.84,257.8746915402353,59.74999999999999
61.84,61.88,261.6255653005986,60.0
61.88,61.94,265.4309967761148,60.249999999999986
61.94,61.96,261.6255653005986,60.0
61.96,61.98,257.8746915402353,59.74999999999999
61.98,62.0,254.17759331190004,59.5
62.0,62.02,250.53349964647214,59.249999999999986
62.02,62.06,246.94165062806206,58.99999999999999
62.06,62.08,243.40129723554335,58.75
62.08,62.1,223.19997368625522,57.25
62.1,62.12,220.0,57.0
62.12,62.16,216.84590370084126,56.74999999999999
62.16,62.2,220.0,57.0
62.2,62.3,223.19997368625522,57.25
63.06,63.1,257.8746915402353,59.74999999999999
63.18,63.24,257.8746915402353,59.74999999999999
63.44,63.48,261.6255653005986,60.0
66.14,66.16,265.4309967761148,60.249999999999986
66.16,66.18,261.6255653005986,60.0
66.18,66.28,257.8746915402353,59.74999999999999
66.28,66.3,254.17759331190004,59.5
66.3,66.32,250.53349964647214,59.249999999999986
66.36,66.46,257.8746915402353,59.74999999999999
73.18,73.24,261.6255653005986,60.0
73.26,73.36,265.4309967761148,60.249999999999986
73.36,73.42,269.2917795270241,60.49999999999999
73.5,73.56,261.6255653005986,60.0
73.62,73.68,265.4309967761148,60.249999999999986
73.68,73.72,261.6255653005986,60.0
73.72,73.76,257.8746915402353,59.74999999999999
73.76,73.78,250.53349964647214,59.249999999999986
73.78,73.82,257.8746915402353,59.74999999999999
73.82,73.88,261.6255653005986,60.0
73.88,73.94,257.8746915402353,59.74999999999999
73.94,74.0,261.6255653005986,60.0
74.0,74.04,257.8746915402353,59.74999999999999
74.12,74.18,257.8746915402353,59.74999999999999
74.2,74.4,250.53349964647214,59.249999999999986
75.22,75.4,293.6647679174076,61.99999999999999
75.4,75.44,297.93622032611637,62.25
75.44,75.5,302.2698024407796,62.499999999999986
75.5,75.52,297.93622032611637,62.25
75.96,76.02,386.3754752821259,66.75
76.02,76.06,380.83608684270297,66.5
76.06,76.08,375.37611551499083,66.24999999999999
76.08,76.12,369.9944227116344,66.0
76.12,76.14,364.6898861689792,65.75
76.14,76.16,359.46139971304194,65.49999999999999
76.16,76.18,349.2282314330039,65.0
76.2,76.26,265.4309967761148,60.249999999999986
76.26,76.36,261.6255653005986,60.0
76.36,76.38,257.8746915402353,59.74999999999999
76.38,76.4,239.91170118635668,58.5
76.4,76.44,243.40129723554335,58.75
76.44,76.56,246.94165062806206,58.99999999999999
76.56,76.6,250.53349964647214,59.249999999999986
76.6,76.62,254.17759331190004,59.5
76.62,76.64,257.8746915402353,59.74999999999999
76.64,76.66,261.6255653005986,60.0
76.66,76.72,265.4309967761148,60.249999999999986
76.72,76.92,261.6255653005986,60.0
76.92,76.96,257.8746915402353,59.74999999999999
76.96,77.02,261.6255653005986,60.0
77.02,77.1,257.8746915402353,59.74999999999999
77.1,77.14,261.6255653005986,60.0
77.14,77.16,257.8746915402353,59.74999999999999
77.16,77.24,261.6255653005986,60.0
77.24,77.3,257.8746915402353,59.74999999999999
77.3,77.32,254.17759331190004,59.5
80.64,80.76,261.6255653005986,60.0
80.76,80.8,265.4309967761148,60.249999999999986
80.8,80.82,269.2917795270241,60.49999999999999
80.82,80.84,265.4309967761148,60.249999999999986
80.84,81.04,261.6255653005986,60.0
81.04,81.1,257.8746915402353,59.74999999999999
81.1,81.16,261.6255653005986,60.0
81.16,81.32,257.8746915402353,59.74999999999999
81.32,81.48,261.6255653005986,60.0
81.48,81.5,265.4309967761148,60.249999999999986
88.58,88.6,254.17759331190004,59.5
88.6,88.74,257.8746915402353,59.74999999999999
90.96,91.02,236.4721347825532,58.24999999999999
91.02,91.06,239.91170118635668,58.5
91.06,91.24,243.40129723554335,58.75
91.24,91.26,236.4721347825532,58.24999999999999
91.42,91.46,261.6255653005986,60.0
91.46,91.5,257.8746915402353,59.74999999999999
91.5,91.56,261.6255653005986,60.0
91.56,91.64,257.8746915402353,59.74999999999999
91.64,91.88,261.6255653005986,60.0
91.88,91.92,265.4309967761148,60.249999999999986
91.92,91.94,261.6255653005986,60.0
91.94,91.96,257.8746915402353,59.74999999999999
91.96,91.98,250.53349964647214,59.249999999999986
91.98,92.06,246.94165062806206,58.99999999999999
92.06,92.08,223.19997368625522,57.25
92.08,92.1,220.0,57.0
92.1,92.14,216.84590370084126,56.74999999999999
92.14,92.18,220.0,57.0
92.18,92.26,223.19997368625522,57.25
92.26,92.28,220.0,57.0
92.28,92.3,210.6727217536862,56.25
94.88,94.9,220.0,57.0
94.9,94.98,216.84590370084126,56.74999999999999
94.98,95.02,220.0,57.0
95.02,95.08,223.19997368625522,57.25
95.08,95.1,220.0,57.0
95.1,95.12,210.6727217536862,56.25
95.16,95.32,250.53349964647214,59.249999999999986
95.32,95.34,246.94165062806206,58.99999999999999
95.34,95.4,243.40129723554335,58.75
95.4,95.42,250.53349964647214,59.249999999999986
95.42,95.44,257.8746915402353,59.74999999999999
95.44,95.84,261.6255653005986,60.0
95.84,95.88,257.8746915402353,59.74999999999999
95.88,96.06,261.6255653005986,60.0
96.06,96.34,265.4309967761148,60.249999999999986
96.34,96.64,261.6255653005986,60.0
96.64,96.68,265.4309967761148,60.249999999999986
96.68,97.14,261.6255653005986,60.0
97.14,97.2,265.4309967761148,60.249999999999986
97.2,97.24,261.6255653005986,60.0
97.24,97.26,257.8746915402353,59.74999999999999
97.26,97.28,254.17759331190004,59.5
97.28,97.32,246.94165062806206,58.99999999999999
97.32,97.34,250.53349964647214,59.249999999999986
97.34,97.36,254.17759331190004,59.5
97.36,97.4,257.8746915402353,59.74999999999999
97.4,97.42,261.6255653005986,60.0
97.42,97.46,257.8746915402353,59.74999999999999
97.46,97.48,254.17759331190004,59.5
97.48,97.52,250.53349964647214,59.249999999999986
97.52,97.82,246.94165062806206,58.99999999999999
97.82,97.84,250.53349964647214,59.249999999999986
97.84,97.88,254.17759331190004,59.5
97.88,97.9,250.53349964647214,59.249999999999986
97.9,97.92,236.4721347825532,58.24999999999999
98.0,98.02,257.8746915402353,59.74999999999999
98.02,98.04,250.53349964647214,59.249999999999986
98.04,98.06,243.40129723554335,58.75
98.06,98.08,236.4721347825532,58.24999999999999
98.08,98.1,229.74023213403103,57.75
98.2,98.24,229.74023213403103,57.75
98.4,98.52,220.0,57.0
98.52,98.54,229.74023213403103,57.75
98.54,98.56,239.91170118635668,58.5
98.56,98.58,246.94165062806206,58.99999999999999
98.58,98.7,250.53349964647214,59.249999999999986
98.7,98.74,246.94165062806206,58.99999999999999
98.74,98.76,243.40129723554335,58.75
98.76,98.78,236.4721347825532,58.24999999999999
98.86,98.98,220.0,57.0
98.98,99.02,216.84590370084126,56.74999999999999
99.02,99.5,220.0,57.0
99.5,99.54,223.19997368625522,57.25
99.6,99.62,223.19997368625522,57.25
99.62,99.7,226.44649206156825,57.49999999999999
99.7,99.76,223.19997368625522,57.25
99.76,99.8,220.0,57.0
99.8,99.82,216.84590370084126,56.74999999999999
102.4,102.42,229.74023213403103,57.75
102.42,102.44,220.0,57.0
102.44,102.5,216.84590370084126,56.74999999999999
102.5,102.62,220.0,57.0
102.66,102.68,243.40129723554335,58.75
102.68,102.7,246.94165062806206,58.99999999999999
102.7,102.82,250.53349964647214,59.249999999999986
102.82,102.84,246.94165062806206,58.99999999999999
102.84,102.88,250.53349964647214,59.249999999999986
102.88,102.92,257.8746915402353,59.74999999999999
102.92,103.1,261.6255653005986,60.0
103.1,103.14,265.4309967761148,60.249999999999986
103.14,103.18,261.6255653005986,60.0
103.18,103.32,265.4309967761148,60.249999999999986
103.32,103.42,261.6255653005986,60.0
103.42,103.54,265.4309967761148,60.249999999999986
103.54,103.58,261.6255653005986,60.0
103.58,103.6,265.4309967761148,60.249999999999986
103.6,103.68,261.6255653005986,60.0
103.68,103.74,265.4309967761148,60.249999999999986
103.74,103.98,261.6255653005986,60.0
103.98,104.0,257.8746915402353,59.74999999999999
104.0,104.04,254.17759331190004,59.5
104.04,104.06,265.4309967761148,60.249999999999986
104.06,104.08,269.2917795270241,60.49999999999999
104.08,104.2,265.4309967761148,60.249999999999986
104.2,104.22,269.2917795270241,60.49999999999999
104.22,104.24,273.20871865616647,60.75
104.24,104.26,277.1826309768721,60.999999999999986
104.26,104.28,285.30470202322215,61.5
104.28,104.3,289.45455447340026,61.749999999999986
104.3,104.36,293.6647679174076,61.99999999999999
104.36,104.4,289.45455447340026,61.749999999999986
104.4,104.48,293.6647679174076,61.99999999999999
104.48,104.54,297.93622032611637,62.25
104.54,104.6,293.6647679174076,61.99999999999999
104.6,104.62,297.93622032611637,62.25
104.62,104.78,293.6647679174076,61.99999999999999
104.78,104.82,289.45455447340026,61.749999999999986
104.82,104.84,285.30470202322215,61.5
104.84,104.86,277.1826309768721,60.999999999999986
104.86,104.88,269.2917795270241,60.49999999999999
104.88,104.9,265.4309967761148,60.249999999999986
104.9,104.92,261.6255653005986,60.0
104.92,104.94,257.8746915402353,59.74999999999999
104.94,104.96,254.17759331190004,59.5
104.96,104.98,250.53349964647214,59.249999999999986
105.68,105.7,184.9972113558172,54.0
105.7,105.72,187.68805775749541,54.25
105.72,105.74,193.18773764106294,54.75
105.74,105.76,195.99771799087463,55.0
105.76,105.8,198.84857044604223,55.24999999999999
105.8,105.86,195.99771799087463,55.0
105.86,105.9,198.84857044604223,55.24999999999999
105.9,105.92,207.65234878997256,55.99999999999999
105.92,105.94,213.7370270537933,56.5
105.94,105.96,216.84590370084126,56.74999999999999
105.96,106.02,220.0,57.0
106.02,106.06,216.84590370084126,56.74999999999999
106.06,106.08,220.0,57.0
106.08,106.1,223.19997368625522,57.25
106.1,106.12,226.44649206156825,57.49999999999999
106.12,106.14,220.0,57.0
106.14,106.18,216.84590370084126,56.74999999999999
106.18,106.2,220.0,57.0
106.2,106.24,223.19997368625522,57.25
106.24,106.3,220.0,57.0
106.3,106.32,223.19997368625522,57.25
106.32,106.34,220.0,57.0
106.34,106.38,216.84590370084126,56.74999999999999
106.38,106.5,220.0,57.0
106.5,106.52,216.84590370084126,56.74999999999999
106.52,106.66,220.0,57.0
106.66,106.72,216.84590370084126,56.74999999999999
106.72,106.76,220.0,57.0
106.76,106.78,223.19997368625522,57.25
106.78,106.8,226.44649206156825,57.49999999999999
106.8,106.82,233.08188075904496,58.0
106.82,106.86,236.4721347825532,58.24999999999999
107.2,107.22,329.6275569128699,63.999999999999986
107.22,107.32,334.42210013280527,64.25
107.32,107.36,339.28638158974695,64.5
107.36,107.38,344.2214156497103,64.74999999999999
107.38,107.4,349.2282314330039,65.0
107.4,107.46,334.42210013280527,64.25
107.46,107.5,349.2282314330039,65.0
107.5,107.56,334.42210013280527,64.25
107.62,107.64,289.45455447340026,61.749999999999986
107.64,107.66,306.66641795877985,62.74999999999999
107.66,107.68,315.65242990842006,63.25000000000001
107.68,107.7,324.90175210668986,63.75
107.7,107.74,329.6275569128699,63.999999999999986
107.74,107.76,324.90175210668986,63.75
107.76,107.78,320.24370022528126,63.49999999999999
107.78,107.8,302.2698024407796,62.499999999999986
107.8,107.84,289.45455447340026,61.749999999999986
107.84,107.94,293.6647679174076,61.99999999999999
107.94,107.98,297.93622032611637,62.25
107.98,108.02,293.6647679174076,61.99999999999999
108.02,108.04,289.45455447340026,61.749999999999986
108.04,108.16,293.6647679174076,61.99999999999999
108.16,108.2,302.2698024407796,62.499999999999986
108.2,108.22,306.66641795877985,62.74999999999999
108.52,108.56,329.6275569128699,63.999999999999986
108.56,108.62,324.90175210668986,63.75
108.62,108.68,329.6275569128699,63.999999999999986
108.68,108.7,324.90175210668986,63.75
108.96,109.04,293.6647679174076,61.99999999999999
109.04,109.1,289.45455447340026,61.749999999999986
109.1,109.16,293.6647679174076,61.99999999999999
109.16,109.2,297.93622032611637,62.25
109.2,109.26,302.2698024407796,62.499999999999986
109.26,109.28,297.93622032611637,62.25
109.28,109.3,289.45455447340026,61.749999999999986
109.48,109.78,391.99543598174927,66.99999999999999
109.78,109.8,386.3754752821259,66.75
109.8,109.86,380.83608684270297,66.5
109.86,109.88,369.9944227116344,66.0
109.88,109.9,364.6898861689792,65.75
109.9,109.92,359.46139971304194,65.49999999999999
109.92,109.94,354.30787302883596,65.25
109.94,109.96,349.2282314330039,65.0
109.96,109.98,334.42210013280527,64.25
109.98,110.0,320.24370022528126,63.49999999999999
110.0,110.02,289.45455447340026,61.749999999999986
110.02,110.06,285.30470202322215,61.5
110.12,110.14,261.6255653005986,60.0
110.14,110.16,250.53349964647214,59.249999999999986
110.16,110.18,246.94165062806206,58.99999999999999
110.18,110.2,243.40129723554335,58.75
110.2,110.34,246.94165062806206,58.99999999999999
110.34,110.38,250.53349964647214,59.249999999999986
110.38,110.4,254.17759331190004,59.5
110.4,110.42,257.8746915402353,59.74999999999999
110.42,110.44,261.6255653005986,60.0
110.44,110.5,265.4309967761148,60.249999999999986
110.5,110.58,261.6255653005986,60.0
110.58,110.64,265.4309967761148,60.249999999999986
110.64,110.66,261.6255653005986,60.0
110.66,110.74,257.8746915402353,59.74999999999999
110.74,110.76,261.6255653005986,60.0
110.76,110.78,265.4309967761148,60.249999999999986
110.78,110.8,261.6255653005986,60.0
110.8,110.82,257.8746915402353,59.74999999999999
110.82,110.86,254.17759331190004,59.5
110.86,110.9,281.2143451832947,61.24999999999999
110.9,110.94,285.30470202322215,61.5
110.96,111.02,324.90175210668986,63.75
111.26,111.28,334.42210013280527,64.25
111.28,111.3,339.28638158974695,64.5
111.3,111.36,344.2214156497103,64.74999999999999
111.36,111.46,349.2282314330039,65.0
111.46,111.48,354.30787302883596,65.25
111.48,111.5,364.6898861689792,65.75
111.5,111.52,380.83608684270297,66.5
111.52,111.72,391.99543598174927,66.99999999999999
111.72,111.74,386.3754752821259,66.75
111.74,111.76,375.37611551499083,66.24999999999999
111.76,111.78,369.9944227116344,66.0
111.78,111.8,359.46139971304194,65.49999999999999
111.8,111.82,349.2282314330039,65.0
111.82,111.84,334.42210013280527,64.25
111.84,111.86,324.90175210668986,63.75
111.86,111.88,315.65242990842006,63.25000000000001
111.88,111.9,334.42210013280527,64.25
111.9,111.96,250.53349964647214,59.249999999999986
111.96,112.0,246.94165062806206,58.99999999999999
112.0,112.06,250.53349964647214,59.249999999999986
112.06,112.08,246.94165062806206,58.99999999999999
112.08,112.16,250.53349964647214,59.249999999999986
112.16,112.18,246.94165062806206,58.99999999999999
112.18,112.22,243.40129723554335,58.75
112.22,112.24,236.4721347825532,58.24999999999999
112.24,112.26,229.74023213403103,57.75
112.26,112.28,223.19997368625522,57.25
112.28,112.38,220.0,57.0
112.38,112.46,223.19997368625522,57.25
112.46,112.48,220.0,57.0
112.48,112.54,216.84590370084126,56.74999999999999
112.54,112.56,220.0,57.0
112.56,112.6,223.19997368625522,57.25
112.6,112.62,236.4721347825532,58.24999999999999
112.62,112.66,239.91170118635668,58.5
113.38,113.46,265.4309967761148,60.249999999999986
113.46,113.58,261.6255653005986,60.0
113.58,113.62,265.4309967761148,60.249999999999986
113.62,113.64,261.6255653005986,60.0
113.64,113.66,289.45455447340026,61.749999999999986
113.66,113.78,297.93622032611637,62.25
113.78,113.84,302.2698024407796,62.499999999999986
113.84,113.86,306.66641795877985,62.74999999999999
113.86,113.9,324.90175210668986,63.75
113.9,113.92,329.6275569128699,63.999999999999986
113.92,113.96,334.42210013280527,64.25
113.96,114.0,339.28638158974695,64.5
114.0,114.02,334.42210013280527,64.25
114.02,114.04,324.90175210668986,63.75
114.08,114.12,293.6647679174076,61.99999999999999
114.12,114.14,289.45455447340026,61.749999999999986
114.14,114.16,293.6647679174076,61.99999999999999
114.16,114.22,297.93622032611637,62.25
114.22,114.28,293.6647679174076,61.99999999999999
114.28,114.32,297.93622032611637,62.25
114.32,114.54,302.2698024407796,62.499999999999986
114.54,114.64,306.66641795877985,62.74999999999999
114.64,114.66,302.2698024407796,62.499999999999986
114.66,114.76,329.6275569128699,63.999999999999986
114.76,114.82,334.42210013280527,64.25
114.82,114.86,329.6275569128699,63.999999999999986
114.86,114.88,324.90175210668986,63.75
114.88,114.92,329.6275569128699,63.999999999999986
114.92,115.1,334.42210013280527,64.25
115.1,115.16,339.28638158974695,64.5
115.16,115.36,334.42210013280527,64.25
115.36,115.46,329.6275569128699,63.999999999999986
115.46,115.52,324.90175210668986,63.75
115.52,115.6,354.30787302883596,65.25
115.6,115.74,349.2282314330039,65.0
115.74,115.76,339.28638158974695,64.5
115.76,115.84,334.42210013280527,64.25
115.84,115.88,329.6275569128699,63.999999999999986
115.88,115.92,324.90175210668986,63.75
116.0,116.08,302.2698024407796,62.499999999999986
116.08,116.26,297.93622032611637,62.25
116.26,116.4,293.6647679174076,61.99999999999999
116.4,116.44,289.45455447340026,61.749999999999986
116.44,116.48,293.6647679174076,61.99999999999999
116.48,116.54,289.45455447340026,61.749999999999986
116.54,116.56,293.6647679174076,61.99999999999999
116.56,116.6,297.93622032611637,62.25
116.6,116.62,293.6647679174076,61.99999999999999
116.62,116.66,285.30470202322215,61.5
116.66,116.68,289.45455447340026,61.749999999999986
116.68,116.74,302.2698024407796,62.499999999999986
116.74,116.76,297.93622032611637,62.25
116.76,116.78,289.45455447340026,61.749999999999986
116.78,116.8,281.2143451832947,61.24999999999999
116.8,116.82,277.1826309768721,60.999999999999986
116.92,117.02,354.30787302883596,65.25
117.02,117.14,349.2282314330039,65.0
117.14,117.16,354.30787302883596,65.25
117.16,117.18,364.6898861689792,65.75
117.18,117.2,386.3754752821259,66.75
117.2,117.22,391.99543598174927,66.99999999999999
117.22,117.26,397.69714089208446,67.25
117.26,117.3,403.48177901005533,67.5
117.3,117.34,397.69714089208446,67.25
117.34,117.42,391.99543598174927,66.99999999999999
117.42,117.44,364.6898861689792,65.75
117.44,117.46,359.46139971304194,65.49999999999999
117.46,117.48,354.30787302883596,65.25
117.48,117.5,349.2282314330039,65.0
117.5,117.52,334.42210013280527,64.25
117.64,117.74,243.40129723554335,58.75
117.74,117.82,246.94165062806206,58.99999999999999
117.82,117.86,250.53349964647214,59.249999999999986
117.86,117.9,254.17759331190004,59.5
117.9,117.92,257.8746915402353,59.74999999999999
117.92,118.08,261.6255653005986,60.0
118.08,118.1,265.4309967761148,60.249999999999986
118.1,118.14,269.2917795270241,60.49999999999999
118.14,118.16,265.4309967761148,60.249999999999986
118.16,118.22,257.8746915402353,59.74999999999999
118.22,118.24,261.6255653005986,60.0
118.24,118.32,265.4309967761148,60.249999999999986
118.32,118.34,277.1826309768721,60.999999999999986
118.34,118.36,285.30470202322215,61.5
118.36,118.4,289.45455447340026,61.749999999999986
118.4,118.6,329.6275569128699,63.999999999999986
118.84,118.86,375.37611551499083,66.24999999999999
118.86,118.9,364.6898861689792,65.75
118.9,118.92,359.46139971304194,65.49999999999999
118.92,118.98,354.30787302883596,65.25
118.98,119.0,359.46139971304194,65.49999999999999
119.0,119.02,364.6898861689792,65.75
119.02,119.04,375.37611551499083,66.24999999999999
119.04,119.06,386.3754752821259,66.75
119.06,119.14,397.69714089208446,67.25
119.14,119.22,391.99543598174927,66.99999999999999
119.22,119.24,386.3754752821259,66.75
119.24,119.26,380.83608684270297,66.5
119.26,119.28,369.9944227116344,66.0
119.28,119.3,354.30787302883596,65.25
119.3,119.34,334.42210013280527,64.25
119.34,119.42,329.6275569128699,63.999999999999986
119.42,119.52,254.17759331190004,59.5
119.52,119.54,257.8746915402353,59.74999999999999
119.54,119.64,261.6255653005986,60.0
119.72,119.74,277.1826309768721,60.999999999999986
119.74,119.76,269.2917795270241,60.49999999999999
119.76,119.78,265.4309967761148,60.249999999999986
119.78,119.82,261.6255653005986,60.0
119.82,119.94,257.8746915402353,59.74999999999999
119.94,120.02,261.6255653005986,60.0
120.02,120.06,257.8746915402353,59.74999999999999
120.06,120.08,254.17759331190004,59.5
120.08,120.1,250.53349964647214,59.249999999999986
120.1,120.16,246.94165062806206,58.99999999999999
120.16,120.18,243.40129723554335,58.75
120.18,120.2,223.19997368625522,57.25
120.2,120.26,216.84590370084126,56.74999999999999
120.26,120.28,223.19997368625522,57.25
120.28,120.3,226.44649206156825,57.49999999999999
120.3,120.32,229.74023213403103,57.75
120.32,120.34,233.08188075904496,58.0
120.34,120.38,236.4721347825532,58.24999999999999
121.04,121.1,236.4721347825532,58.24999999999999
121.1,121.12,233.08188075904496,58.0
121.12,121.14,229.74023213403103,57.75
121.14,121.16,226.44649206156825,57.49999999999999
121.16,121.18,223.19997368625522,57.25
121.18,121.2,220.0,57.0
121.2,121.3,223.19997368625522,57.25
121.3,121.32,220.0,57.0
121.32,121.34,216.84590370084126,56.74999999999999
121.34,121.36,213.7370270537933,56.5
121.48,121.5,198.84857044604223,55.24999999999999
121.5,121.6,195.99771799087463,55.0
121.6,121.7,198.84857044604223,55.24999999999999
121.7,121.78,201.74088950502767,55.5
121.88,121.94,220.0,57.0
122.08,122.12,446.39994737251044,69.25
122.32,122.36,446.39994737251044,69.25
122.36,122.38,440.0,69.0
122.38,122.4,433.6918074016825,68.75
122.4,122.42,440.0,69.0
122.42,122.48,446.39994737251044,69.25
122.48,122.5,433.6918074016825,68.75
122.5,122.52,427.4740541075866,68.5
122.52,122.54,433.6918074016825,68.75
122.54,122.56,479.82340237271336,70.5
122.56,122.58,486.8025944710867,70.75
122.58,122.6,493.8833012561241,71.0
122.6,123.0,501.0669992929443,71.25
123.0,123.04,515.7493830804707,71.75
123.04,123.06,523.2511306011972,72.0
123.06,123.14,530.8619935522296,72.24999999999999
123.14,123.24,523.2511306011972,72.0
123.24,123.3,530.8619935522296,72.24999999999999
123.3,123.38,523.2511306011972,72.0
123.38,123.42,530.8619935522296,72.24999999999999
123.42,123.44,523.2511306011972,72.0
123.44,123.48,515.7493830804707,71.75
123.48,123.5,501.0669992929443,71.25
123.5,123.52,486.8025944710867,70.75
123.52,123.54,440.0,69.0
123.54,123.56,391.99543598174927,66.99999999999999
123.56,123.58,375.37611551499083,66.24999999999999
123.58,123.6,354.30787302883596,65.25
123.6,123.62,334.42210013280527,64.25
123.62,123.66,315.65242990842006,63.25000000000001
123.7,123.82,324.90175210668986,63.75
123.82,123.84,320.24370022528126,63.49999999999999
123.84,123.96,324.90175210668986,63.75
123.96,124.02,329.6275569128699,63.999999999999986
124.02,124.14,324.90175210668986,63.75
124.14,124.32,334.42210013280527,64.25
124.32,124.34,329.6275569128699,63.999999999999986
124.34,124.36,320.24370022528126,63.49999999999999
124.36,124.38,306.66641795877985,62.74999999999999
124.38,124.4,297.93622032611637,62.25
124.4,124.42,281.2143451832947,61.24999999999999
124.42,124.48,297.93622032611637,62.25
124.48,124.5,293.6647679174076,61.99999999999999
124.5,124.52,289.45455447340026,61.749999999999986
124.52,124.56,285.30470202322215,61.5
124.56,124.58,289.45455447340026,61.749999999999986
124.64,124.72,297.93622032611637,62.25
124.72,124.8,293.6647679174076,61.99999999999999
124.8,124.86,297.93622032611637,62.25
124.86,124.88,293.6647679174076,61.99999999999999
124.88,124.92,289.45455447340026,61.749999999999986
124.92,124.98,293.6647679174076,61.99999999999999
124.98,125.0,289.45455447340026,61.749999999999986
125.1,125.12,306.66641795877985,62.74999999999999
125.12,125.14,302.2698024407796,62.499999999999986
125.14,125.18,297.93622032611637,62.25
125.18,125.2,293.6647679174076,61.99999999999999
125.2,125.3,297.93622032611637,62.25
125.3,125.34,293.6647679174076,61.99999999999999
125.34,125.38,289.45455447340026,61.749999999999986
125.38,125.44,293.6647679174076,61.99999999999999
125.44,125.48,289.45455447340026,61.749999999999986
125.6,125.62,289.45455447340026,61.749999999999986
125.62,125.78,293.6647679174076,61.99999999999999
125.78,125.82,289.45455447340026,61.749999999999986
125.82,125.84,285.30470202322215,61.5
125.84,125.86,261.6255653005986,60.0
125.86,125.92,257.8746915402353,59.74999999999999
125.92,125.98,261.6255653005986,60.0
125.98,126.0,265.4309967761148,60.249999999999986
126.0,126.02,269.2917795270241,60.49999999999999
126.02,126.04,324.90175210668986,63.75
126.04,126.06,334.42210013280527,64.25
126.06,126.08,349.2282314330039,65.0
126.08,126.1,359.46139971304194,65.49999999999999
126.1,126.12,364.6898861689792,65.75
126.12,126.26,369.9944227116344,66.0
126.26,126.3,375.37611551499083,66.24999999999999
126.3,126.36,380.83608684270297,66.5
126.36,126.4,386.3754752821259,66.75
126.4,126.96,391.99543598174927,66.99999999999999
126.96,126.98,386.3754752821259,66.75
126.98,127.0,380.83608684270297,66.5
127.0,127.02,364.6898861689792,65.75
127.02,127.04,359.46139971304194,65.49999999999999
127.04,127.14,354.30787302883596,65.25
127.14,127.22,349.2282314330039,65.0
127.22,127.24,344.2214156497103,64.74999999999999
127.24,127.26,334.42210013280527,64.25
127.26,127.28,329.6275569128699,63.999999999999986
127.28,127.38,324.90175210668986,63.75
127.38,127.6,329.6275569128699,63.999999999999986
127.6,127.62,320.24370022528126,63.49999999999999
127.62,127.66,315.65242990842006,63.25000000000001
127.66,127.68,329.6275569128699,63.999999999999986
127.68,127.8,334.42210013280527,64.25
127.8,127.82,329.6275569128699,63.999999999999986
128.18,128.2,198.84857044604223,55.24999999999999
128.2,128.22,195.99771799087463,55.0
128.22,128.26,193.18773764106294,54.75
128.26,128.28,195.99771799087463,55.0
128.28,128.32,198.84857044604223,55.24999999999999
128.32,128.36,201.74088950502767,55.5
128.36,128.38,204.67527831347223,55.75
128.38,128.4,216.84590370084126,56.74999999999999
128.4,128.46,223.19997368625522,57.25
128.46,128.48,220.0,57.0
128.48,128.52,216.84590370084126,56.74999999999999
128.52,128.54,220.0,57.0
128.54,128.58,226.44649206156825,57.49999999999999
128.58,128.7,220.0,57.0
128.7,128.74,216.84590370084126,56.74999999999999
128.74,129.1,220.0,57.0
129.1,129.14,223.19997368625522,57.25
129.14,129.2,220.0,57.0
129.2,129.22,223.19997368625522,57.25
129.32,129.34,289.45455447340026,61.749999999999986
129.34,129.38,293.6647679174076,61.99999999999999
129.38,129.46,289.45455447340026,61.749999999999986
129.46,129.54,293.6647679174076,61.99999999999999
129.54,129.58,297.93622032611637,62.25
129.58,129.6,306.66641795877985,62.74999999999999
129.6,129.62,315.65242990842006,63.25000000000001
129.62,129.64,320.24370022528126,63.49999999999999
129.64,129.66,329.6275569128699,63.999999999999986
129.66,129.7,334.42210013280527,64.25
129.7,129.78,329.6275569128699,63.999999999999986
129.78,129.96,334.42210013280527,64.25
129.96,129.98,329.6275569128699,63.999999999999986
129.98,130.0,324.90175210668986,63.75
130.0,130.02,306.66641795877985,62.74999999999999
130.02,130.04,293.6647679174076,61.99999999999999
130.04,130.08,289.45455447340026,61.749999999999986
130.08,130.1,293.6647679174076,61.99999999999999
130.1,130.12,302.2698024407796,62.499999999999986
130.12,130.14,315.65242990842006,63.25000000000001
130.14,130.16,324.90175210668986,63.75
130.16,130.2,334.42210013280527,64.25
130.2,130.22,329.6275569128699,63.999999999999986
130.22,130.24,315.65242990842006,63.25000000000001
130.24,130.32,293.6647679174076,61.99999999999999
130.32,130.38,289.45455447340026,61.749999999999986
130.38,130.4,293.6647679174076,61.99999999999999
130.4,130.42,297.93622032611637,62.25
130.42,130.5,302.2698024407796,62.499999999999986
130.5,130.52,297.93622032611637,62.25
130.52,130.54,306.66641795877985,62.74999999999999
130.54,130.56,311.1269837220809,63.0
130.56,130.58,306.66641795877985,62.74999999999999
130.58,130.6,302.2698024407796,62.499999999999986
130.6,130.64,285.30470202322215,61.5
130.64,130.66,297.93622032611637,62.25
130.66,130.7,306.66641795877985,62.74999999999999
130.7,130.72,302.2698024407796,62.499999999999986
131.44,131.5,210.6727217536862,56.25
131.5,131.52,213.7370270537933,56.5
131.52,131.54,216.84590370084126,56.74999999999999
131.54,131.64,220.0,57.0
131.64,131.66,210.6727217536862,56.25
131.68,131.74,213.7370270537933,56.5
131.74,131.76,216.84590370084126,56.74999999999999
131.76,131.78,220.0,57.0
131.78,131.82,210.6727217536862,56.25
131.82,131.84,201.74088950502767,55.5
131.9,131.92,243.40129723554335,58.75
131.92,131.94,229.74023213403103,57.75
131.94,132.02,223.19997368625522,57.25
132.02,132.14,220.0,57.0
132.14,132.16,223.19997368625522,57.25
132.16,132.18,233.08188075904496,58.0
132.18,132.2,243.40129723554335,58.75
132.2,132.32,250.53349964647214,59.249999999999986
132.32,132.38,246.94165062806206,58.99999999999999
132.38,132.4,243.40129723554335,58.75
132.4,132.42,239.91170118635668,58.5
132.42,132.44,229.74023213403103,57.75
132.44,132.46,223.19997368625522,57.25
132.46,132.56,220.0,57.0
132.66,132.68,236.4721347825532,58.24999999999999
132.68,132.7,229.74023213403103,57.75
132.7,132.72,223.19997368625522,57.25
132.72,132.8,220.0,57.0
132.8,132.82,223.19997368625522,57.25
132.82,132.86,220.0,57.0
132.86,132.88,216.84590370084126,56.74999999999999
132.88,132.94,213.7370270537933,56.5
132.94,133.02,216.84590370084126,56.74999999999999
133.02,133.08,220.0,57.0
133.08,133.14,223.19997368625522,57.25
133.14,133.16,220.0,57.0
133.16,133.3,223.19997368625522,57.25
133.3,133.36,226.44649206156825,57.49999999999999
133.6,133.62,265.4309967761148,60.249999999999986
133.62,133.76,261.6255653005986,60.0
133.82,133.86,265.4309967761148,60.249999999999986
133.94,133.96,261.6255653005986,60.0
133.96,133.98,265.4309967761148,60.249999999999986
134.08,134.12,265.4309967761148,60.249999999999986
134.12,134.14,261.6255653005986,60.0
134.14,134.2,265.4309967761148,60.249999999999986
134.2,134.22,269.2917795270241,60.49999999999999
134.22,134.24,277.1826309768721,60.999999999999986
134.28,134.3,273.20871865616647,60.75
134.3,134.32,265.4309967761148,60.249999999999986
134.32,134.34,269.2917795270241,60.49999999999999
135.94,136.0,236.4721347825532,58.24999999999999
136.0,136.04,239.91170118635668,58.5
136.04,136.22,243.40129723554335,58.75
136.22,136.24,236.4721347825532,58.24999999999999
136.4,136.42,265.4309967761148,60.249999999999986
136.42,136.46,261.6255653005986,60.0
136.46,136.48,257.8746915402353,59.74999999999999
136.48,136.54,261.6255653005986,60.0
136.54,136.62,257.8746915402353,59.74999999999999
136.62,136.76,261.6255653005986,60.0
136.76,136.8,257.8746915402353,59.74999999999999
136.8,136.84,261.6255653005986,60.0
136.84,136.9,265.4309967761148,60.249999999999986
136.9,136.92,261.6255653005986,60.0
136.92,136.94,257.8746915402353,59.74999999999999
136.94,136.96,254.17759331190004,59.5
136.96,136.98,250.53349964647214,59.249999999999986
136.98,137.04,246.94165062806206,58.99999999999999
137.04,137.06,223.19997368625522,57.25
137.06,137.08,220.0,57.0
137.08,137.12,216.84590370084126,56.74999999999999
137.12,137.16,220.0,57.0
137.16,137.22,223.19997368625522,57.25
137.22,137.3,220.0,57.0
137.3,137.32,254.17759331190004,59.5
137.32,137.5,257.8746915402353,59.74999999999999
137.5,137.54,261.6255653005986,60.0
137.58,138.1,261.6255653005986,60.0
138.1,138.14,265.4309967761148,60.249999999999986
138.14,138.16,261.6255653005986,60.0
138.16,138.22,257.8746915402353,59.74999999999999
138.22,138.24,250.53349964647214,59.249999999999986
138.24,138.26,243.40129723554335,58.75
140.48,140.54,261.6255653005986,60.0
140.64,140.66,261.6255653005986,60.0
140.66,140.68,265.4309967761148,60.249999999999986
140.68,140.7,269.2917795270241,60.49999999999999
140.7,140.74,273.20871865616647,60.75
140.74,140.76,269.2917795270241,60.49999999999999
140.76,140.8,265.4309967761148,60.249999999999986
140.8,140.82,273.20871865616647,60.75
140.82,140.94,265.4309967761148,60.249999999999986
140.94,141.02,261.6255653005986,60.0
141.08,141.14,261.6255653005986,60.0
141.14,141.16,257.8746915402353,59.74999999999999
141.16,141.22,261.6255653005986,60.0
141.22,141.24,257.8746915402353,59.74999999999999
141.24,141.26,254.17759331190004,59.5
141.26,141.3,250.53349964647214,59.249999999999986
141.3,141.32,254.17759331190004,59.5
141.32,141.38,257.8746915402353,59.74999999999999
141.38,141.44,261.6255653005986,60.0
141.44,141.48,257.8746915402353,59.74999999999999
141.68,141.7,250.53349964647214,59.249999999999986
141.7,141.74,254.17759331190004,59.5
141.74,141.82,250.53349964647214,59.249999999999986
141.82,141.84,246.94165062806206,58.99999999999999
141.84,141.9,250.53349964647214,59.249999999999986
141.9,141.92,246.94165062806206,58.99999999999999
146.54,146.58,236.4721347825532,58.24999999999999
146.58,146.6,239.91170118635668,58.5
146.6,146.62,243.40129723554335,58.75
148.62,148.64,257.8746915402353,59.74999999999999
148.64,148.74,254.17759331190004,59.5
148.74,148.8,250.53349964647214,59.249999999999986
149.2,149.22,254.17759331190004,59.5
149.22,149.28,250.53349964647214,59.249999999999986
149.28,149.32,246.94165062806206,58.99999999999999
149.32,149.36,250.53349964647214,59.249999999999986
149.36,149.42,254.17759331190004,59.5
149.42,149.44,250.53349964647214,59.249999999999986
149.44,149.48,243.40129723554335,58.75
150.26,150.36,293.6647679174076,61.99999999999999
150.36,150.38,297.93622032611637,62.25
150.38,150.46,302.2698024407796,62.499999999999986
150.72,150.76,391.99543598174927,66.99999999999999
150.78,150.8,386.3754752821259,66.75
150.86,150.9,380.83608684270297,66.5
150.9,150.98,386.3754752821259,66.75
150.98,151.02,380.83608684270297,66.5
151.02,151.04,375.37611551499083,66.24999999999999
151.04,151.06,369.9944227116344,66.0
151.06,151.08,364.6898861689792,65.75
151.08,151.1,359.46139971304194,65.49999999999999
151.1,151.14,354.30787302883596,65.25
151.16,151.2,285.30470202322215,61.5
151.2,151.28,261.6255653005986,60.0
151.28,151.3,257.8746915402353,59.74999999999999
151.3,151.32,250.53349964647214,59.249999999999986
151.32,151.38,243.40129723554335,58.75
151.38,151.52,246.94165062806206,58.99999999999999
151.52,151.56,250.53349964647214,59.249999999999986
151.56,151.58,254.17759331190004,59.5
151.58,151.6,257.8746915402353,59.74999999999999
151.6,151.62,261.6255653005986,60.0
151.62,151.68,265.4309967761148,60.249999999999986
151.68,151.86,261.6255653005986,60.0
151.86,151.9,257.8746915402353,59.74999999999999
151.9,151.94,261.6255653005986,60.0
151.94,151.96,265.4309967761148,60.249999999999986
151.96,151.98,261.6255653005986,60.0
151.98,152.0,257.8746915402353,59.74999999999999
152.0,152.02,254.17759331190004,59.5
152.02,152.08,257.8746915402353,59.74999999999999
152.08,152.16,261.6255653005986,60.0
152.16,152.26,257.8746915402353,59.74999999999999
155.64,155.76,261.6255653005986,60.0
155.76,155.86,265.4309967761148,60.249999999999986
155.86,156.0,261.6255653005986,60.0
156.08,156.1,257.8746915402353,59.74999999999999
156.1,156.16,261.6255653005986,60.0
156.16,156.18,257.8746915402353,59.74999999999999
156.18,156.24,261.6255653005986,60.0
156.24,156.26,257.8746915402353,59.74999999999999
156.28,156.48,261.6255653005986,60.0
156.7,156.82,250.53349964647214,59.249999999999986
163.12,163.66,261.6255653005986,60.0
163.66,163.74,257.8746915402353,59.74999999999999
163.74,163.96,261.6255653005986,60.0
167.52,167.54,207.65234878997256,55.99999999999999
167.54,167.6,204.67527831347223,55.75
167.6,167.62,201.74088950502767,55.5
167.62,167.66,204.67527831347223,55.75
167.66,167.68,210.6727217536862,56.25
167.68,167.7,216.84590370084126,56.74999999999999
167.7,167.78,223.19997368625522,57.25
167.78,167.88,220.0,57.0
167.88,167.9,210.6727217536862,56.25
167.96,167.98,229.74023213403103,57.75
167.98,168.02,223.19997368625522,57.25
168.02,168.06,220.0,57.0
168.06,168.08,216.84590370084126,56.74999999999999
168.08,168.18,220.0,57.0
168.18,168.2,216.84590370084126,56.74999999999999
168.2,168.24,210.6727217536862,56.25
168.24,168.32,220.0,57.0
168.32,168.34,223.19997368625522,57.25
168.34,168.36,226.44649206156825,57.49999999999999
168.36,168.38,229.74023213403103,57.75
168.38,168.4,226.44649206156825,57.49999999999999
168.4,168.42,220.0,57.0
168.42,168.44,198.84857044604223,55.24999999999999
168.44,168.46,184.9972113558172,54.0
168.46,168.48,177.15393651441798,53.25
168.48,168.5,174.61411571650194,52.99999999999999
168.5,168.54,167.21105006640263,52.24999999999999
168.7,168.74,157.82621495421003,51.25
168.74,168.76,153.33320897938992,50.74999999999999
168.76,168.78,148.96811016305818,50.249999999999986
168.78,168.84,146.8323839587038,49.99999999999999
168.84,168.86,148.96811016305818,50.249999999999986
168.86,168.9,146.8323839587038,49.99999999999999
170.58,170.66,164.81377845643496,52.0
170.66,170.68,167.21105006640263,52.24999999999999
170.68,170.7,169.64319079487348,52.499999999999986
170.7,170.72,172.11070782485513,52.75
170.72,170.74,174.61411571650194,52.99999999999999
170.74,170.76,177.15393651441798,53.25
170.76,170.78,179.73069985652097,53.5
170.78,170.8,184.9972113558172,54.0
170.8,170.82,187.68805775749541,54.25
170.82,170.86,190.41804342135148,54.49999999999999
170.86,170.92,193.18773764106294,54.75
170.92,171.0,195.99771799087463,55.0
171.0,171.04,198.84857044604223,55.24999999999999
171.04,171.06,195.99771799087463,55.0
171.06,171.1,193.18773764106294,54.75
171.1,171.12,190.41804342135148,54.49999999999999
171.12,171.14,184.9972113558172,54.0
171.14,171.16,182.3449430844896,53.74999999999999
171.16,171.2,179.73069985652097,53.5
171.2,171.26,177.15393651441798,53.25
171.26,171.28,174.61411571650194,52.99999999999999
171.28,171.32,172.11070782485513,52.75
171.32,171.34,174.61411571650194,52.99999999999999
171.48,171.54,157.82621495421003,51.25
171.54,171.58,160.12185011264063,51.49999999999999
171.58,171.6,162.45087605334493,51.75
171.6,171.84,164.81377845643496,52.0
171.84,171.96,167.21105006640263,52.24999999999999
172.08,172.2,132.7154983880574,48.25
172.2,172.26,144.7272772367001,49.75
172.26,172.34,146.8323839587038,49.99999999999999
172.34,172.44,148.96811016305818,50.249999999999986
172.44,172.5,167.21105006640263,52.24999999999999
172.5,172.54,164.81377845643496,52.0
172.54,172.6,162.45087605334493,51.75
172.6,172.62,164.81377845643496,52.0
172.62,172.74,167.21105006640263,52.24999999999999
172.74,172.76,172.11070782485513,52.75
172.76,172.78,174.61411571650194,52.99999999999999
172.78,172.8,167.21105006640263,52.24999999999999
172.8,172.82,162.45087605334493,51.75
172.82,172.84,160.12185011264063,51.49999999999999
172.84,172.86,167.21105006640263,52.24999999999999
172.86,172.88,172.11070782485513,52.75
172.88,172.92,174.61411571650194,52.99999999999999
172.92,172.94,167.21105006640263,52.24999999999999
172.94,172.96,162.45087605334493,51.75
172.96,173.0,167.21105006640263,52.24999999999999
173.0,173.04,169.64319079487348,52.499999999999986
174.76,174.78,207.65234878997256,55.99999999999999
174.78,174.8,210.6727217536862,56.25
174.88,174.9,223.19997368625522,57.25
174.9,174.92,220.0,57.0
174.96,175.02,177.15393651441798,53.25
175.02,175.04,179.73069985652097,53.5
175.04,175.06,182.3449430844896,53.74999999999999
175.06,175.08,184.9972113558172,54.0
175.08,175.14,187.68805775749541,54.25
175.14,175.18,190.41804342135148,54.49999999999999
175.18,175.2,195.99771799087463,55.0
175.2,175.22,198.84857044604223,55.24999999999999
175.22,175.24,210.6727217536862,56.25
175.24,175.28,223.19997368625522,57.25
175.28,175.4,220.0,57.0
175.4,175.44,210.6727217536862,56.25
175.5,175.52,236.4721347825532,58.24999999999999
175.52,175.54,226.44649206156825,57.49999999999999
175.54,175.6,223.19997368625522,57.25
175.6,175.7,220.0,57.0
175.7,175.72,216.84590370084126,56.74999999999999
175.72,175.8,220.0,57.0
175.94,176.04,164.81377845643496,52.0
176.04,176.06,167.21105006640263,52.24999999999999
176.06,176.1,169.64319079487348,52.499999999999986
176.1,176.12,167.21105006640263,52.24999999999999
176.12,176.14,164.81377845643496,52.0
176.14,176.18,162.45087605334493,51.75
176.18,176.22,134.6458897635121,48.49999999999999
176.22,176.24,136.60435932808323,48.749999999999986
176.24,176.28,138.59131548843604,49.0
176.28,176.32,140.60717259164736,49.24999999999999
176.32,176.36,142.65235101161107,49.5
176.36,176.42,144.7272772367001,49.75
176.42,176.46,146.8323839587038,49.99999999999999
176.46,176.5,148.96811016305818,50.249999999999986
176.5,176.52,146.8323839587038,49.99999999999999
176.52,176.56,144.7272772367001,49.75
176.56,176.58,146.8323839587038,49.99999999999999
176.58,176.6,148.96811016305818,50.249999999999986
176.6,176.64,151.1349012203898,50.5
176.7,176.72,153.33320897938992,50.74999999999999
176.72,176.76,151.1349012203898,50.5
176.76,176.8,144.7272772367001,49.75
176.8,176.82,148.96811016305818,50.249999999999986
176.82,176.86,151.1349012203898,50.5
176.86,176.96,148.96811016305818,50.249999999999986
176.96,177.06,151.1349012203898,50.5
177.06,177.08,148.96811016305818,50.249999999999986
177.14,177.18,151.1349012203898,50.5
178.18,178.24,177.15393651441798,53.25
178.24,178.26,179.73069985652097,53.5
178.26,178.28,182.3449430844896,53.74999999999999
178.28,178.3,184.9972113558172,54.0
178.3,178.32,187.68805775749541,54.25
178.32,178.36,193.18773764106294,54.75
178.36,178.48,195.99771799087463,55.0
178.48,178.54,198.84857044604223,55.24999999999999
178.54,178.6,201.74088950502767,55.5
178.6,178.64,198.84857044604223,55.24999999999999
178.64,178.66,195.99771799087463,55.0
178.66,178.7,198.84857044604223,55.24999999999999
178.7,178.76,204.67527831347223,55.75
178.76,178.78,220.0,57.0
178.78,178.82,223.19997368625522,57.25
178.82,178.84,220.0,57.0
178.84,178.86,201.74088950502767,55.5
178.86,178.88,193.18773764106294,54.75
178.88,178.9,190.41804342135148,54.49999999999999
178.9,178.96,187.68805775749541,54.25
178.96,179.0,179.73069985652097,53.5
179.0,179.02,160.12185011264063,51.49999999999999
179.02,179.06,157.82621495421003,51.25
179.06,179.08,155.56349186104046,51.0
179.08,179.12,157.82621495421003,51.25
179.12,179.18,160.12185011264063,51.49999999999999
179.18,179.2,162.45087605334493,51.75
179.2,179.24,164.81377845643496,52.0
179.24,179.5,167.21105006640263,52.24999999999999
179.7,179.8,144.7272772367001,49.75
179.8,179.84,146.8323839587038,49.99999999999999
179.84,179.86,148.96811016305818,50.249999999999986
179.86,179.88,151.1349012203898,50.5
179.88,179.92,153.33320897938992,50.74999999999999
179.92,179.94,151.1349012203898,50.5
179.94,179.96,148.96811016305818,50.249999999999986
180.08,180.12,167.21105006640263,52.24999999999999
180.12,180.2,164.81377845643496,52.0
180.2,180.3,177.15393651441798,53.25
180.3,180.4,174.61411571650194,52.99999999999999
180.4,180.42,167.21105006640263,52.24999999999999
180.42,180.46,162.45087605334493,51.75
180.46,180.52,164.81377845643496,52.0
180.52,180.6,167.21105006640263,52.24999999999999
180.6,180.68,172.11070782485513,52.75
180.68,180.7,169.64319079487348,52.499999999999986
180.7,180.74,167.21105006640263,52.24999999999999
180.74,180.76,169.64319079487348,52.499999999999986
180.76,180.8,177.15393651441798,53.25
180.8,180.82,174.61411571650194,52.99999999999999
180.82,180.84,167.21105006640263,52.24999999999999
180.84,180.86,164.81377845643496,52.0
180.86,180.88,160.12185011264063,51.49999999999999
180.88,180.9,157.82621495421003,51.25
180.9,180.94,177.15393651441798,53.25
180.94,181.0,167.21105006640263,52.24999999999999
181.0,181.02,177.15393651441798,53.25
181.02,181.04,182.3449430844896,53.74999999999999
181.04,181.08,177.15393651441798,53.25
181.08,181.14,167.21105006640263,52.24999999999999
181.18,181.22,201.74088950502767,55.5
181.32,181.34,207.65234878997256,55.99999999999999
181.34,181.36,210.6727217536862,56.25
